,A,B,C,D
2000-01-01,0.7172623888625136,-1.4802924429078208,-0.26677683153988824,-0.15905443894249033
2000-01-02,2.7759634116108254,-2.8332955507808,0.4821333103970273,-1.4022585481235395
2000-01-03,1.5265443322490146,-2.440970451695874,1.4350744828535484,-1.707176736559267
2000-01-04,2.6342555654732775,-3.5072077745436916,1.2905693657971595,-0.6186316756575785
2000-01-05,2.9412041872615626,-4.5194564239292685,1.2612393137400668,-0.8226035794020911
2000-01-06,2.8950890072144735,-5.254395746365392,1.4498682110253627,-0.3402522580379802
2000-01-07,2.0669193769052825,-4.225939485796764,2.5104172759051124,-0.37005657197192976
2000-01-08,1.6328538019244339,-4.511590885549232,2.332470683965133,-0.3545782249968959
2000-01-09,-0.4531264444217449,-4.951659416910739,2.3701956345345945,0.1281626148691094
2000-01-10,-0.74873786932144,-6.057750317463218,2.9608433907134657,-1.7795455483867637
2000-01-11,-0.18325751159287618,-7.3980031565429565,0.9792569107672142,-0.10808775514001412
2000-01-12,-1.6090591339913662,-7.575092769910431,1.6821961501126843,-0.596500001067799
2000-01-13,-1.9914215822508206,-6.584533375760736,0.7493797066709568,0.0697123172460854
2000-01-14,-3.4896744403422213,-7.057079236888343,1.6078763539054566,1.7614484261875873
2000-01-15,-3.1569950282036885,-7.719914039535175,1.168409813372985,0.8653623078186129
2000-01-16,-2.900096018161075,-6.521514770561047,0.42739720628423206,-0.3097144719327368
2000-01-17,-2.6566706851774606,-7.453622371532744,0.06798843655709558,-0.6828521712585012
2000-01-18,-2.969796730940483,-7.263234022620284,-0.386632373836147,-1.8912176190056877
2000-01-19,-3.962629026472042,-8.088700121416021,-0.9345345693842443,0.43229593993342386
2000-01-20,-4.991357750715174,-6.636664980741837,-1.6870122239378378,-0.13771209214728986
2000-01-21,-5.160913766143492,-6.453049589693772,-3.7184070882396045,0.49386435362811465
2000-01-22,-4.918181798037823,-7.95248633347083,-3.3612489588517307,-0.7093594425220795
2000-01-23,-4.503545649750908,-6.667875187585206,-2.545714534855755,0.22917689237858097
2000-01-24,-4.978177464379244,-7.318347120814628,-1.9633232636607083,1.0791459955645213
2000-01-25,-3.1919260390307373,-5.717260808698288,-1.1265288548182597,0.7218373546770661
2000-01-26,-3.424849512018039,-6.087967755262998,-1.2866331443129044,0.9935611259823878
2000-01-27,-5.2592175027957095,-3.2020810076446735,-1.250601643569624,1.3849448560675328
2000-01-28,-6.9587172467936265,-2.9496243085869978,-0.6784776367762843,2.5901904319146487
2000-01-29,-10.335393372834352,-1.4421003390233653,-0.9894855455419552,3.0197281444497976
2000-01-30,-9.914495806280879,0.31959214310693485,-0.425289114383842,1.5182134720827336
2000-01-31,-8.79038667190955,0.8502818781075842,-0.858055011923796,3.8497574000420363
2000-02-01,-7.8776260134311045,3.2604409824346865,1.3820399131659484,3.8207193749017603
2000-02-02,-7.6780335365345955,3.1928730469961,2.4026189424319098,3.0674073976653786
2000-02-03,-7.825027593273325,3.1488423487043873,1.77910502921159,4.13273450424118
2000-02-04,-6.3314864629289715,0.8302122159692207,2.038660543471327,2.437838226783585
2000-02-05,-6.6605981979997715,-0.5642765340665847,2.7330539826056386,0.8775815586031785
2000-02-06,-6.862120173845406,1.9041391770579335,2.264251915248485,0.2612671090118027
2000-02-07,-8.296004252198347,2.012859453815572,3.6872573967995486,0.06884865481927879
2000-02-08,-6.609406880792655,2.768828773735107,3.4089056341026347,0.34807219483706486
2000-02-09,-7.587435931853402,2.823871817652053,4.36584511581331,2.092797027801592
2000-02-10,-6.609434789580388,3.6687507502681327,4.807671039021335,2.1033979765723254
2000-02-11,-7.6046582131589275,4.336682366594712,3.9423546862655567,1.008309118533582
2000-02-12,-8.43162918931617,3.7395093216629736,3.741562053937772,0.7987327346555849
2000-02-13,-8.329504387949969,4.632870783822993,4.096189071009388,0.974203160485245
2000-02-14,-7.807299886481296,3.7865457463608583,5.936085265530173,0.2912452033820987
2000-02-15,-6.84007468256185,3.038014934979924,6.388792996229782,-0.522185486856247
2000-02-16,-6.038763814755445,2.1417257268963366,6.408086177411152,-0.7566458154930954
2000-02-17,-5.622111476774529,3.768612724081751,5.529024629648462,0.5268171838941956
2000-02-18,-6.849937949638643,4.254329702509074,5.075106628804176,1.0966728267829144
2000-02-19,-5.797806932600115,3.968523115919184,6.227518009579411,1.1411708428553684
2000-02-20,-4.861927603711089,5.282239714216165,7.242457297597378,1.2645883296209384
2000-02-21,-4.661818414966561,7.26639293461593,6.10272002524147,0.8820275120406216
2000-02-22,-4.448369737798113,6.1312553264793985,6.437772834950334,0.21696090850703031
2000-02-23,-5.434327244702784,5.806731686001031,8.042730536552156,-0.563861192483036
2000-02-24,-5.833207987447869,7.158194149666365,6.666602179636137,0.24936907837395772
2000-02-25,-6.689481793516769,7.212869239546014,7.338315193914967,0.3040511265486434
2000-02-26,-6.330739797822302,8.89873516174332,8.685263506678169,0.48100564631519793
2000-02-27,-6.354467890738541,8.637467240085785,9.140565828824537,1.8997438451118551
2000-02-28,-5.486611154410562,9.912387914656867,8.131038203288886,3.0932981218417526
2000-02-29,-7.143924807100749,9.475288548714277,8.288181927874525,3.921502657778161
2000-03-01,-5.8545031875214,8.983700707259304,9.00301758862934,4.429435047257466
2000-03-02,-5.56657485273902,9.370783129045288,9.048107930050808,2.505709153305569
2000-03-03,-4.271364715509284,11.796426809705581,9.350319549180416,4.1540949244943866
2000-03-04,-2.443474233809265,10.616180191273692,8.661848372080485,4.832476017654114
2000-03-05,-3.0385802049115522,10.819828253141273,8.25268097371586,5.148124449280126
2000-03-06,-2.9571914378393487,8.879813238425141,7.949941006113894,4.770336452476238
2000-03-07,-1.3666673938665261,9.905774574473918,7.27718487832162,5.182456566079296
2000-03-08,-1.1348735760456827,9.819445128858858,6.631814348050166,4.893098051359955
2000-03-09,-0.8331259295973141,9.36150826313945,7.541602585874136,5.396143136898375
2000-03-10,-1.2767871572434613,8.860213642968489,8.695945445126782,5.264247803732331
2000-03-11,-0.9616556140026523,8.723851527445612,7.065980821735299,4.991714635381061
2000-03-12,-1.317919804326664,9.599364369135087,6.798240942413239,3.8987562907473587
2000-03-13,-2.459118197866342,9.98763042382935,7.663034146900506,1.6216752714367972
2000-03-14,-2.3465124536782986,10.3149234995062,7.387576743682479,2.173517288834754
2000-03-15,-2.8037732665984225,9.067810393778737,6.314507399581698,4.2299865329306705
2000-03-16,-1.7113966515635832,10.706689715939099,6.659178442506149,4.153176831580809
2000-03-17,-0.551948142917269,10.262496469063365,7.888365955275256,4.120437218975542
2000-03-18,-0.7486215968663184,9.728620282549617,8.268837806010803,3.117916657393038
2000-03-19,-0.051591254539622655,10.176947298837097,7.391498206514824,2.815813583709794
2000-03-20,-2.0330143991636955,12.079810669682942,7.408081056074174,2.66322964427355
2000-03-21,-2.7901229366258544,10.828938634415929,8.217448365880461,3.8666738060986257
2000-03-22,-3.027408462156427,11.454206370709683,9.566840507383183,4.88953252270055
2000-03-23,-3.090568714334085,12.162110444815731,10.80421894587153,6.712537514820692
2000-03-24,-3.306404098655666,12.977025705408678,10.488348744873734,7.977614370335671
2000-03-25,-3.9806327141454405,12.231448173475645,10.59287663066283,9.088033876590163
2000-03-26,-5.6696115464040195,12.708271634782475,11.184131138669372,8.867759952984539
2000-03-27,-7.53561338048944,12.645810430333377,10.238052348429585,8.973073699729865
2000-03-28,-6.993734277433547,12.291536735940277,8.981835949110682,9.015081282579555
2000-03-29,-6.423648765650011,10.692188669914081,8.365470691965347,10.244332036589135
2000-03-30,-7.055227899303732,10.783789479042772,7.592747397410224,10.321832481877642
2000-03-31,-8.05802598030884,11.32745186753061,6.133709351432305,9.858082080261505
2000-04-01,-5.939793130645384,12.90930050295377,7.152083882369505,8.90910396174658
2000-04-02,-5.94052254332695,13.585090134787409,7.020001880701612,9.577320063574648
2000-04-03,-5.497618039042484,12.281654060802264,7.343139884893667,10.488218202906992
2000-04-04,-6.242065639805608,12.618614453049176,6.089435260460283,9.854687346934096
2000-04-05,-6.868893247091102,11.413272070025313,6.460319081450323,9.486561277834287
2000-04-06,-7.51849059912136,11.98722848689649,7.287799971843464,9.237051081124509
2000-04-07,-8.54014732149275,12.249389007579246,7.822541845223247,9.862728622627799
2000-04-08,-9.761906808696724,11.016760873105449,6.89829272167292,10.52636052192184
2000-04-09,-9.463604545963253,11.63770640536315,6.206617869073804,9.290205360126901
2000-04-10,-9.014592396823087,10.457559817279176,7.942542743055663,9.883623261949264
2000-04-11,-9.883399889406455,10.780695498186857,9.04977498541869,8.445520711564074
2000-04-12,-9.572939298902565,11.916531626152718,9.025737100658413,9.069473596736705
2000-04-13,-7.53370398475251,12.444804608694612,6.856062728830501,8.460590343675273
2000-04-14,-6.152289426309775,11.830422156392366,6.08634887774908,8.09247108573572
2000-04-15,-5.33914719410706,12.638147633178335,6.241679060297907,7.492639095846906
2000-04-16,-6.545111009810253,12.033971972459737,5.432104552380339,6.1684596163116465
2000-04-17,-7.266533379038397,10.7235245443469,3.572926209916585,6.04037715595548
2000-04-18,-6.502611924852875,11.137232960601215,3.231432909194615,4.267192622626016
2000-04-19,-6.322940217060003,11.158505939372613,4.962357283866154,4.1041549383177305
2000-04-20,-7.439114503679176,12.76654668132387,5.154681470263053,4.7193191114961675
2000-04-21,-6.511248575259628,13.465926268274256,5.11042786399135,4.69873602705119
2000-04-22,-5.620940426735125,12.52639747225093,3.298139224759857,5.162810403012053
2000-04-23,-6.67413902667104,13.150925254314956,3.100872919323713,6.333823377700393
2000-04-24,-6.95527943252669,14.25027312097305,2.4605904575653987,4.694700183680784
2000-04-25,-8.399718180570847,14.454592278706523,2.381380454193508,5.563723401841328
2000-04-26,-8.196892806377388,15.422016878301056,2.047005103275254,5.1165043819629705
2000-04-27,-10.309367864153046,15.663627037381849,3.3868219027186046,3.78463394072207
2000-04-28,-10.775331268932327,15.113022169896901,3.6523879093388008,2.8514075285364124
2000-04-29,-11.805485381972439,13.723361019189241,2.70315049909955,4.542518197120065
2000-04-30,-10.539195864433236,13.740711994534234,3.1150470301060986,4.174920712540284
2000-05-01,-11.825880738500043,14.331965171708331,3.529602084729738,2.9036847360466473
2000-05-02,-13.244409171900971,15.637746900760906,2.6247826482090186,3.053515125911928
2000-05-03,-13.285454449669157,13.431981045616734,1.8701814622226167,2.348418234651178
2000-05-04,-12.110809015633881,13.1205842387995,5.422822835246952,2.7908080557924215
2000-05-05,-12.487432518866184,13.66074239964711,6.686067881350928,2.253754011851
2000-05-06,-12.802734734479941,14.835255674131927,7.042403566835148,3.199431732787989
2000-05-07,-13.47996790925714,13.744105262159607,6.8773500686584015,3.059902477414298
2000-05-08,-13.810680622970306,14.449309059993183,8.11212467432228,3.415898518679744
2000-05-09,-14.125056912247777,12.877681643982894,7.980209876682884,3.092321425607166
2000-05-10,-14.509369218417271,14.470334570432689,8.873412331613823,3.3262665998588776
2000-05-11,-12.945628407760502,13.944461418657864,9.047558826820064,2.702568917273844
2000-05-12,-12.47049337084808,12.667828320537563,9.658545680635527,3.369676581918987
2000-05-13,-13.91294636559019,12.649685102295459,9.975126947511546,4.557490488594711
2000-05-14,-11.508805887673658,13.63784302762312,10.09470578249066,4.957478379734187
2000-05-15,-12.346207595657857,13.383292723165379,10.013998981475396,3.4561839931803124
2000-05-16,-11.99840460261019,13.072967266766671,9.734942366414684,1.2134254894703953
2000-05-17,-12.305265662776561,11.523912657090671,8.312614591554503,0.925101631637577
2000-05-18,-13.979304551055353,10.281462059236336,9.023381334680675,0.8689096505347274
2000-05-19,-13.01463620261209,10.8764403433102,9.174497949357937,0.8840363318357263
2000-05-20,-12.859721183875626,9.041785789392003,9.114395213130074,-0.857503747460902
2000-05-21,-13.079665571069375,8.978618961541008,8.448013853726899,0.4396405262952152
2000-05-22,-13.406710761918863,8.508602889902543,8.99844005283099,0.9103740485317123
2000-05-23,-13.10341495263871,10.022338349746123,9.904338897585662,1.8576363540566618
2000-05-24,-13.565914653790493,11.112073437146192,10.669240471991792,0.8403308480282878
2000-05-25,-14.181830155780725,10.112551679006364,10.864694005735153,0.5480857888327174
2000-05-26,-14.601137068605158,9.157906470318714,11.095290868065803,0.29127652784282443
2000-05-27,-12.916843973336173,10.131614857631707,10.400573412027489,-0.6080372796482375
2000-05-28,-15.282709374903527,11.201891907391358,9.78033952074235,-0.92312850927354
2000-05-29,-15.598670990139544,11.991834591437268,10.098469794001382,-1.3187146418481501
2000-05-30,-14.984651791316137,11.001912460189525,9.650734558393168,-2.3685317065145175
2000-05-31,-15.520707015702088,11.595662644341754,10.432359785675374,-3.3899769059255496
2000-06-01,-15.563587281432746,10.834645803958402,12.228906394942484,-3.6157715027003605
2000-06-02,-16.928704733095426,11.327255216472592,13.22140173555614,-4.854950713492725
2000-06-03,-16.862111502646428,12.631847147528102,13.517637370763246,-4.56334942276959
2000-06-04,-16.41032956976399,13.236465843052535,14.570433599328869,-2.3774062610733915
2000-06-05,-18.294081015932047,11.650642485985058,14.27302856120541,-1.9600675338260136
2000-06-06,-18.635261802710378,12.653498797123369,14.366462155036144,-1.3276130333517049
2000-06-07,-18.99707627797479,12.536772972464512,14.539454136239351,-2.394627286648279
2000-06-08,-18.081501306331862,13.248102250776508,15.629771330947985,-2.4980708290589453
2000-06-09,-17.783034931702616,13.473056329220924,14.356257251533922,-2.611471599697364
2000-06-10,-17.865438412447958,13.868723098540258,13.36792115955097,-1.6920231883097392
2000-06-11,-17.9267790356523,13.345080922149494,14.204798990535716,0.15530851174242977
2000-06-12,-18.614268958347242,13.481878982035449,14.165524760916606,0.04272873001783427
2000-06-13,-18.847196714955903,12.481794669887897,13.826013627412465,0.6187937719190145
2000-06-14,-19.61715072910063,11.15452717855015,12.798077130570144,0.5717275570386654
2000-06-15,-19.181562448979832,11.010809376392311,12.445280938338348,0.9337560638451989
2000-06-16,-19.214810825747456,10.988502676415385,12.344821980734428,2.2148563947390816
2000-06-17,-19.240434768755836,11.158911556827649,11.72909947093161,1.8794452904209507
2000-06-18,-18.814571633833665,10.216676717702901,11.225860154730892,2.1682043384427407
2000-06-19,-18.2291370762147,11.26243489351047,10.09428989508985,0.990632057708227
2000-06-20,-19.71959069729487,10.327925765142638,9.094897575105719,1.5025323065614096
2000-06-21,-20.066794626751694,11.31762009214938,9.025774593162678,0.7793123678447972
2000-06-22,-21.139805334288372,9.896324789957667,9.376351035911624,0.15846548044800446
2000-06-23,-21.877814493059013,10.827492076116672,9.564121354369883,-0.6596429429922313
2000-06-24,-22.09160919191002,10.562260025871801,8.470563546715127,-0.4247910122839305
2000-06-25,-21.901853835994057,10.374535210958973,7.739586154247006,-1.1903733531361291
2000-06-26,-20.640821582002587,10.051137551835666,7.468963688318682,0.01782709968620022
2000-06-27,-20.22526437894165,9.549683932259683,7.647524768316197,1.6314243835234306
2000-06-28,-19.04161381838903,9.052799000459403,7.091021590414567,0.6356900318868528
2000-06-29,-18.506728443291056,10.754841608229775,6.251711326720539,-0.20794793257087174
2000-06-30,-18.97315111459919,11.28363334232877,5.824945117727175,0.11178346700242686
2000-07-01,-21.07978876621224,11.714407572873489,4.337469712409408,-0.3408091703165833
2000-07-02,-21.939065676011587,12.607412898947437,4.258857419327473,0.636384047415398
2000-07-03,-20.795699374303062,12.385115793344397,3.36362525885985,1.9085415100756795
2000-07-04,-21.600615987613725,13.543546084760665,4.690020648298369,0.9320790912405368
2000-07-05,-21.734123322724617,13.845987022654306,5.19647923605773,0.5698109502678801
2000-07-06,-22.086247397941715,13.10464105712531,3.768607066426916,-1.6251932718867084
2000-07-07,-23.23991362164547,12.706409509708667,3.5350567456249933,-1.4285685857842338
2000-07-08,-23.977302910641942,13.852403986731304,3.8950506626122117,-2.0656936711620655
2000-07-09,-26.125960021801333,12.170381258863026,3.358769402346234,0.07412156034144823
2000-07-10,-25.86427093339237,13.041380739854858,2.9107176125580634,1.396031651682203
2000-07-11,-26.61776417502746,13.71671904115042,1.6498006142662807,1.53063680742638
2000-07-12,-25.818569239056384,12.290821416030614,2.186514629234965,1.5140208606746466
2000-07-13,-25.08822978546805,10.36267890024674,1.1747334732759958,2.6975150455442147
2000-07-14,-24.745415448453446,8.615543316894613,2.210703009731045,2.6845970187254515
2000-07-15,-24.552309552818727,7.3310490325522695,0.8761888145700831,2.33145822880802
2000-07-16,-23.08424839485242,6.535190769742293,0.46111220322634133,2.250164746030434
2000-07-17,-23.244612985970047,6.552702922749773,0.946508828182664,1.0648300346413004
2000-07-18,-23.003093045777646,8.110829045120537,-2.36675786106846,0.6862215622491996
2000-07-19,-23.63455435187752,6.985235503870605,-2.746936053848815,1.3198978472691891
2000-07-20,-22.86767078046119,8.463859133625848,-3.580489545895837,3.524452422547126
2000-07-21,-22.543175853866636,7.852938219951966,-3.920535319077578,3.6103678690919376
2000-07-22,-21.028598375820426,7.38208787771478,-3.144633661562378,4.517366469556533
2000-07-23,-20.44240469400276,8.10521406849163,-2.4706407423432664,5.4835265149374885
2000-07-24,-19.15812069809533,8.521132804362871,-2.7774212762704065,6.472758345900278
2000-07-25,-19.35476715173097,9.231773602395364,-2.2109950052780607,7.412313828500662
2000-07-26,-20.64986035944902,8.961054401721563,-1.6527851864772676,7.481990395043722
2000-07-27,-21.531929300528372,9.456655672556469,-2.3774099209728843,7.312471204797722
2000-07-28,-22.83577498620135,11.104536491076004,-1.6523651979979364,6.804359656527934
2000-07-29,-24.15568239410031,11.351633781870667,-0.4902156411104237,6.563201085524653
2000-07-30,-24.059609434221546,10.661132171409042,-0.6806443361594502,7.670150620917546
2000-07-31,-23.232436487645153,11.271582645498722,-2.4252043786640898,7.307076056382678
2000-08-01,-22.93430609126072,11.471127865102801,-1.7856509916739944,8.211597419286782
2000-08-02,-22.740651336052213,12.089862432017823,-0.46522742364482195,7.530467851457458
2000-08-03,-24.685661288584484,12.310884419470499,-0.13310941735632115,7.765764760688868
2000-08-04,-25.917031572285673,11.306776169846836,-0.23774614712135128,7.7818413343297665
2000-08-05,-26.30151592919823,10.200404866761536,-1.7914157682916165,7.657328589944572
2000-08-06,-24.069444430982312,8.905435616129115,-2.136253147718323,8.289304578509606
2000-08-07,-21.004227499797498,9.835769975083034,-1.1115055343438327,8.021500757312822
2000-08-08,-22.062616727173527,10.526366670240828,-1.512162235146416,9.196092385434037
2000-08-09,-21.02436905051922,10.118491928093693,-2.494759432677916,9.127374682652187
2000-08-10,-21.370902757143625,11.25127796212257,-3.3095181239801295,10.220364093585017
2000-08-11,-21.496142118483245,10.862630136148699,-2.3005455170467792,9.898189546055447
2000-08-12,-24.17242602388812,11.877298362218042,-2.246965148482628,9.85811280299214
2000-08-13,-25.835695613644447,11.292797285429614,-4.001832608901277,9.753824584764544
2000-08-14,-25.18490279050299,12.666030440485748,-4.514823979956416,11.01949405607774
2000-08-15,-24.934333917399318,12.101363880564586,-4.4324673074930505,11.069361640394565
2000-08-16,-25.852099640483747,12.208394067688836,-5.646187325180458,11.750505829797202
2000-08-17,-25.833885280836288,12.372133099763147,-6.840903404919461,12.806493467478383
2000-08-18,-24.975317490176025,13.230945986725546,-5.270817908788906,10.948976076483547
2000-08-19,-26.18329589176215,13.755059754880255,-4.65669770912332,11.286785389335702
2000-08-20,-25.357525895222544,13.167936502713738,-2.277290786082212,11.544391501943968
2000-08-21,-24.523174855276636,12.956699757594498,-3.779108763156098,11.877784753187157
2000-08-22,-24.760726417176507,11.366496742746184,-3.7956694177473778,13.117097665071928
2000-08-23,-24.138870859080342,11.687109743739052,-3.148132875465966,14.994341336295983
2000-08-24,-23.563355886933675,10.433927462521037,-2.7083687176881472,14.203292077370905
2000-08-25,-23.799267244828087,10.337750402824279,-3.1062976928996444,13.619420406361149
2000-08-26,-23.367869612023277,9.988916358202257,-2.937179763295439,13.894162696508264
2000-08-27,-23.77392140894341,9.005668677263747,-3.5049256156930664,14.350630091637871
2000-08-28,-24.503685925443495,9.943073655300317,-2.657830041074651,15.426888057592107
2000-08-29,-25.319127743747586,9.943941972914793,-4.068189626760832,13.688642832427195
2000-08-30,-26.29822569567412,11.804274728875082,-1.8231411711403207,12.92067329309469
2000-08-31,-26.822659526377155,11.768186854778843,-2.869139888308453,12.250783162440074
2000-09-01,-27.20916533427068,12.266388180307848,-3.338554955778597,11.752914884581582
2000-09-02,-27.370640949614348,11.33635935917722,-3.519713828872187,10.981073739345494
2000-09-03,-27.52525805808639,11.831788315355986,-3.9947980532172984,12.426100479617116
2000-09-04,-27.783450530991477,12.216156191010773,-3.893347816553854,12.916512705764513
2000-09-05,-27.86199099945514,11.430008351411807,-4.2799024414129185,14.092990188484096
2000-09-06,-29.070279700711986,9.326282362893895,-4.379342515650457,12.553863379466684
2000-09-07,-27.127791008144715,9.021500096897462,-2.72203996793582,13.676808419126687
2000-09-08,-24.888538378000543,7.647516365575508,-4.187706041774276,15.32473318825851
2000-09-09,-23.476294040243936,7.499346794509647,-3.0115900910759335,14.27639692771449
2000-09-10,-24.722007202871193,7.868949907064184,-5.874685768140931,14.793767826681004
2000-09-11,-24.685713039839428,6.207189262320351,-5.840226912407755,14.0200691656927
2000-09-12,-25.069468051142152,6.337415645153181,-5.663534561541725,15.74525285029845
2000-09-13,-25.30836573206195,6.404926502665174,-5.944603799846816,16.0863896288064
2000-09-14,-25.06714429812729,6.701908836293908,-5.717712287374928,16.047470372616214
2000-09-15,-26.228973012704724,6.116446704673711,-5.561157862149073,16.56115962819199
2000-09-16,-24.839809768533843,8.15908575614375,-5.398307079903228,16.09125316080416
2000-09-17,-22.96449038463899,8.52684243133669,-5.101495334452328,16.51923625795556
2000-09-18,-21.264663144875513,9.549317381354866,-4.32023369945685,15.4120364935761
2000-09-19,-22.47021649229502,11.089001870105113,-4.4453595230602705,14.614327885568375
2000-09-20,-23.86107866672831,10.033790957233386,-5.567966536453292,13.826347899913117
2000-09-21,-24.40795699823633,8.7970249050538,-6.566797564631212,14.52881840012094
2000-09-22,-23.857170323476755,7.203561253251197,-4.651120218973829,15.975726376911714
2000-09-23,-23.478886859678934,7.891795266023106,-4.474496570182933,16.069965834545975
2000-09-24,-23.309492655014882,7.139567291213098,-2.8843508467311567,16.498750070263714
2000-09-25,-23.82190196578183,6.0247628164294476,-1.2607909213917345,17.440865713663754
2000-09-26,-26.596393882950895,6.887459668767449,-2.0163859973887455,18.438264639716085
2000-09-27,-27.000649655372495,6.090623678477889,-0.6546333901475399,16.471872888552628
2000-09-28,-28.164949150585265,6.591275593491638,0.2073937736734366,17.638051106642447
2000-09-29,-29.082688321358766,5.953620445030305,0.8474845257323116,18.01566280070585
2000-09-30,-28.13502479999061,6.699812035940719,2.4781646609448282,16.269836539795815
2000-10-01,-28.702468570251895,5.8256146896915455,1.9203111841772953,16.389620732466504
2000-10-02,-29.09703224013208,4.226441356880027,2.8625673915955656,16.027222132348736
2000-10-03,-27.542801174288606,4.539942597401646,2.8746711225370465,16.108633854975665
2000-10-04,-27.023539273855476,5.7077587822369455,2.337155599093765,15.648686932523754
2000-10-05,-29.66915820095873,7.273459452976408,3.212906186173279,15.922910651047598
2000-10-06,-27.97575117749756,6.280028413763521,4.693987096701969,14.648551525789074
2000-10-07,-28.108948315975812,7.022881061983171,4.365443412690091,14.639831246941567
2000-10-08,-29.43779671240833,7.274962540432242,3.8877440226615074,15.259873933143526
2000-10-09,-30.697111464959175,7.277792980539116,3.2686901090832943,15.535898610118952
2000-10-10,-32.10592684009396,5.260330201639736,2.942394995645704,15.103586330018222
2000-10-11,-31.81127163005478,4.922298714213482,1.2998971669101829,13.63765524497383
2000-10-12,-29.838718700166268,4.272506541098664,1.8021134721535053,13.595976970656835
2000-10-13,-29.403180710505772,3.3068854202037157,1.1925241785153702,13.868691405845958
2000-10-14,-28.995656396110906,3.203018833428709,3.649487180378713,13.466047672187571
2000-10-15,-30.11731413370507,2.6404326209161115,4.818689559013939,14.322961079588028
2000-10-16,-29.880469526579944,3.1700997678577285,5.043838525444487,13.789649866983702
2000-10-17,-31.194374835027695,3.6026147840030047,4.321793879868138,14.437547791809067
2000-10-18,-29.238949555148725,3.3034107337845633,1.7763124286223855,16.507879223736833
2000-10-19,-29.44299431707914,3.241901226275438,2.7104377480568203,17.827201569977476
2000-10-20,-29.52844687066845,3.3531319334742817,3.2431910850139802,17.78720613848312
2000-10-21,-28.974217521269097,4.875547604584284,2.593832642870012,17.883472252351748
2000-10-22,-27.895425293298068,6.014113788102287,1.5515755295303781,17.067858040849792
2000-10-23,-27.375466223521585,6.016921537790559,4.086682541801455,16.754156405417685
2000-10-24,-26.3868152169895,7.10249289938934,2.9786562698917174,16.751832683772165
2000-10-25,-26.627327718077687,7.980671047886734,4.205675128653097,17.816185890508567
2000-10-26,-25.35355302325245,8.616324361666058,3.343572162393305,17.037505043549757
2000-10-27,-25.130573999771485,9.00690116656419,3.504059687491963,16.34099845009939
2000-10-28,-25.22471369925856,9.789355893867869,2.3594295596369754,18.211407196000952
2000-10-29,-24.456251466251658,8.733706814855326,0.5261684963964814,19.019265893648583
2000-10-30,-24.863846715945073,7.357603780280817,0.06877830670960383,16.976796820529295
2000-10-31,-24.20445445506699,6.703874278149455,0.7972539288167999,17.909767009125098
2000-11-01,-24.88689489058262,6.798703317570425,2.026170987004951,17.041417255978057
2000-11-02,-27.195795903841837,6.539221456129971,1.9225800336454868,15.32869668538151
2000-11-03,-27.564245947018293,6.265445501783949,2.1099845779860056,14.279711383967921
2000-11-04,-28.481434244322227,6.548907177133767,0.32399225048707536,13.603809903508353
2000-11-05,-28.680007987215827,7.588145464718337,0.000552153036410874,15.8255349372376
2000-11-06,-28.911438252696186,6.452600201773235,0.11671957510925653,14.148594529839826
2000-11-07,-27.33055321695991,6.109317961616415,1.4812208127599864,12.501099869484719
2000-11-08,-28.1441485383727,6.0436200622111915,2.512398390719556,11.062982968547807
2000-11-09,-28.424416447482507,5.770492728841004,3.087781404917517,8.99857764544716
2000-11-10,-28.683980966484054,4.610720506241526,2.636983636323169,10.441972607454705
2000-11-11,-29.409072524581248,3.5386217588015927,2.951743927738032,11.07608331898456
2000-11-12,-27.68012146874031,2.9893295363715184,2.255778747071705,11.799518185748946
2000-11-13,-27.95293369420664,3.916277365906749,2.0325382755976693,11.232480253307777
2000-11-14,-27.75052635114789,4.547038390024748,1.806689057978136,10.420278040779284
2000-11-15,-26.74976173052432,6.494826715590662,1.306911559698372,11.287258962426511
2000-11-16,-26.096442407041472,5.485039517914853,2.134789385658824,8.992327534282191
2000-11-17,-24.820292923808662,6.402557164743748,-0.03797608515648854,8.814374864293113
2000-11-18,-25.340751273486088,6.44258246933844,0.5948978732824458,8.383596892415925
2000-11-19,-25.34493041470601,7.704262895353061,-0.5236479711802594,9.026192856978858
2000-11-20,-24.35617355988359,7.442198901602596,-2.263566410956254,7.539101414992307
2000-11-21,-25.02050225526336,5.040964904931103,-0.9993590908683694,6.9260162640476635
2000-11-22,-25.48051599196068,4.0449118713892265,-1.252889070867572,6.795314356873904
2000-11-23,-25.42788733993483,3.078313052698452,-1.2507309025164812,4.497827229242901
2000-11-24,-25.10305837418014,4.183315524590576,-1.7159251383743,5.383037724580383
2000-11-25,-25.436703958668467,4.817976123306423,-3.089608460720973,6.191366598338708
2000-11-26,-25.177974151248346,5.67736648225589,-1.9557990027798975,6.646484961120104
2000-11-27,-26.942606926577785,5.723124194492884,-0.36772321034159483,6.546030372658735
2000-11-28,-27.77041870996186,7.492804314052851,0.034756087766355914,6.465131177070748
2000-11-29,-28.175376422677168,6.843378780982223,1.5079572692942524,7.063002958626925
2000-11-30,-27.02334942170966,6.426446963001321,0.3356040080472087,6.245759087166073
2000-12-01,-26.2601071906847,5.10023085212789,-0.24267393535368498,7.362126156091535
2000-12-02,-25.0761179531966,4.762423758163817,-2.131153804979019,8.5927556031189
2000-12-03,-25.014588165656658,3.735326155125449,-1.4346892320790419,9.727364319672734
2000-12-04,-25.436111366002354,3.1943549814571206,-2.8042053229056934,9.580695797948428
2000-12-05,-25.690860670786673,2.0687363298642083,-3.593462557657606,10.578521075416631
2000-12-06,-25.075465485306616,3.0209696431803477,-2.1579912233049408,9.848488533607458
2000-12-07,-26.304587571022154,0.6222603353241807,-1.4684170653630186,11.112007048689453
2000-12-08,-27.60509651646008,-0.7173052757799994,-1.2306343705666751,9.95400948935423
2000-12-09,-26.434958598609843,-2.5884223419038133,-1.6273879353291116,7.8616362301649705
2000-12-10,-27.37187189655007,-4.194319107425964,-2.1061678851821277,6.128793721311196
2000-12-11,-26.505437810536634,-3.645286919250115,-0.8524533479836702,5.390500820248266
2000-12-12,-26.076082758689015,-3.821756668987727,-1.7391452502416196,5.7671888555257915
2000-12-13,-25.3312418116146,-2.2707616702893505,-1.790760799156755,5.074881197215578
2000-12-14,-24.470355808719496,-1.794016757776093,-1.785478665422644,7.326094147118465
2000-12-15,-23.57992699289756,-1.0502884280732907,-0.4249167131537792,8.444793529405622
2000-12-16,-23.499525584305815,-2.1514060228050043,-1.298963796497399,8.252571889595373
2000-12-17,-23.583910337136587,-1.9952982383310678,-0.9349081907002381,7.702975403536733
2000-12-18,-23.42119114925382,-3.382182013959137,-1.214410384340902,6.8958151482233205
2000-12-19,-23.902378033320733,-4.679708588331401,-2.2032841929981726,6.9450335127677585
2000-12-20,-23.551612926678267,-5.37840628909715,-4.39026066047788,5.609418165365861
2000-12-21,-22.649036450774496,-5.132392374994255,-5.354624055883399,5.489635704279127
2000-12-22,-23.207786320678345,-6.293074067558127,-5.4638718576654695,4.577057973278504
2000-12-23,-21.614244693122675,-6.2844963333016715,-5.364400259141387,2.784562750255743
2000-12-24,-21.889640423260573,-2.952213471145037,-6.935599490125661,2.6319548416335112
2000-12-25,-21.687968744538928,-1.96124921587142,-6.247108039429877,3.429452803497283
2000-12-26,-22.17475297155708,-2.1159207914719294,-6.555176385047689,2.239014167181198
2000-12-27,-22.042671313456395,-1.8515175659024934,-6.251366271729294,2.3007600287958425
2000-12-28,-21.796079316905058,-3.482884330068879,-5.918275932238569,2.230444441824514
2000-12-29,-21.662283490603738,-5.129683263299887,-6.597742166704315,3.4920306950495528
2000-12-30,-20.51349366537272,-5.431843558175632,-5.795236660016044,4.549324616460622
2000-12-31,-21.699578439576545,-4.487324452207099,-3.819461670733971,4.804860754882018
2001-01-01,-22.047305178461485,-6.352350268296837,-5.983007741920394,3.8924236715422236
2001-01-02,-22.022837138868088,-6.873774394269832,-5.880906680286211,4.065352590172269
2001-01-03,-23.345838221555436,-7.523770105685548,-5.1086133706983,3.680948773143424
2001-01-04,-24.296913280702242,-7.791367004713519,-4.9337777175145066,2.0879186234783544
2001-01-05,-22.120895611487462,-8.614345686552143,-3.913379408664512,1.6938386084669912
2001-01-06,-20.954909430221946,-7.255413803906858,-2.934115396731701,1.7211809450463207
2001-01-07,-20.192317848733058,-7.019972778529782,-2.8226980509580137,1.8707525175148865
2001-01-08,-18.528972864059753,-6.6539959727883975,-3.9952538198409115,0.4205831348823059
2001-01-09,-19.345620730287642,-7.409243312600487,-4.790654810138015,-0.8554906523582206
2001-01-10,-18.75985133483325,-7.626106053740041,-5.299306995091433,-1.1722636203772758
2001-01-11,-19.961395566867797,-8.31325948179169,-6.124315861162909,-1.6346683170294782
2001-01-12,-20.78346447709955,-8.271243824687392,-7.584421617791756,-0.14127739561281616
2001-01-13,-21.938251643183897,-9.135279296065367,-7.642881973491545,0.11903585203145783
2001-01-14,-21.11374831306675,-8.572900592476806,-6.506465836125161,-0.1713467423458523
2001-01-15,-21.47568281875659,-8.371329045776967,-6.598123158422548,1.24054951203808
2001-01-16,-22.57304336836835,-8.426947490599694,-5.9540536636929415,1.3280747292860922
2001-01-17,-22.35194824505999,-9.486826329126782,-7.4963943628506,2.749171564337301
2001-01-18,-24.796080513672,-8.420519831525116,-8.621572982710267,4.176210303411914
2001-01-19,-23.79112893906188,-8.390294561527305,-7.94094993225878,5.452531618462912
2001-01-20,-23.971012887547538,-7.63708863485095,-10.535031344229834,5.549744830816124
2001-01-21,-23.415819131570863,-7.327524952400233,-9.18939507476336,5.140681547242989
2001-01-22,-23.085211705113597,-5.619426266272747,-9.295216833242987,3.8254552287840253
2001-01-23,-23.827566517005387,-5.771099991056863,-8.929002710370899,2.696634563292834
2001-01-24,-24.271052397178146,-5.158721511135951,-8.945455260897726,2.139526076491502
2001-01-25,-24.916061028139264,-4.19242453542094,-9.821596051022372,2.927267112502258
2001-01-26,-25.067024820292602,-5.974646842557778,-9.828597717563596,3.745332217956845
2001-01-27,-25.147926174755156,-6.354286715914272,-8.358673252380537,3.7703920942503006
2001-01-28,-24.429347560423242,-6.270276664737832,-9.410878469695954,4.549809377663334
2001-01-29,-26.11908396235318,-5.271113641889443,-9.371825021579179,5.596705005172792
2001-01-30,-24.678602219392047,-7.178174755417174,-8.484706159000915,5.972916806993219
2001-01-31,-23.524824969600697,-8.68642069316375,-6.797669586915276,6.11839321232973
2001-02-01,-23.885643510335626,-8.642621811020733,-6.808590338919819,6.80245193535557
2001-02-02,-22.93598480037757,-9.789518567641174,-7.650771111785815,5.90989263104324
2001-02-03,-20.671108351341342,-9.098370314414202,-6.6447475274238235,6.2370127940268025
2001-02-04,-18.897419309915,-8.264074931507816,-6.401442094295502,6.814184101702814
2001-02-05,-19.686181477388814,-8.158209788260569,-5.824772262981008,4.224833064492564
2001-02-06,-18.229929425809388,-8.56514973052713,-6.6502226322385845,5.040638593993465
2001-02-07,-17.17256169977587,-7.852465163770456,-6.995296410405129,4.143777828836138
2001-02-08,-17.70861097885479,-7.721407423903771,-7.95837700920765,4.34008751780903
2001-02-09,-17.691894972383626,-7.670429384585198,-8.481290622319658,4.85166811991546
2001-02-10,-17.470034228438443,-6.036125824620832,-8.890506266781813,5.951216308915696
2001-02-11,-17.97241169619351,-5.698361857849188,-10.592492382052445,6.378885777870719
2001-02-12,-19.7643803062441,-7.488640180892194,-11.103633649541898,6.452461964318942
2001-02-13,-19.068440668677937,-7.419805910869858,-10.754341021610363,5.08132331127274
2001-02-14,-18.337675942950913,-7.076058746559015,-10.507211943642943,5.596319925855042
2001-02-15,-18.74102030013844,-7.258742152739306,-11.633584727536373,4.906658524136913
2001-02-16,-17.645446298575063,-8.281765755739158,-13.875675430313974,6.578362277061059
2001-02-17,-17.614367361956734,-7.252384556751544,-13.999267193727825,6.312757611300996
2001-02-18,-17.276494073856433,-6.849353057477475,-13.239413822080339,7.287919833435396
2001-02-19,-17.300839275428938,-5.881545586310027,-12.299017558047087,6.937921371826114
2001-02-20,-16.86908560981623,-6.4210713827552635,-10.956708511703225,8.065944742852095
2001-02-21,-15.911608033392959,-5.69349944354767,-10.576138903222724,8.80525924872248
2001-02-22,-15.841094465915587,-5.291906505387861,-10.19490843456859,8.892587063320748
2001-02-23,-17.189774809473636,-4.066631512455681,-10.459552361836645,8.799013955060843
2001-02-24,-16.991576393927488,-2.5567718377599977,-9.13712471242738,8.995733880136774
2001-02-25,-17.910100920848404,-1.5867366208770368,-10.47246485491966,9.2568487322545
2001-02-26,-18.386432783631534,-2.0752037851806118,-9.623117732698448,7.795745081140922
2001-02-27,-16.336107685933744,-2.9756978768554507,-10.113729430757905,8.71555295228345
2001-02-28,-16.588723663842845,-2.4174437475809283,-10.972943114926002,9.661496549511025
2001-03-01,-17.5089434629037,-1.1825677099950227,-12.95741358148604,9.465436992099852
2001-03-02,-18.510742309775516,-1.6424795169254764,-12.183918006189863,8.557036288439672
2001-03-03,-16.980549186960598,-2.9750722776832164,-11.469420024441511,7.36358094182077
2001-03-04,-16.386247810230298,-2.7838229140658033,-10.692836643381561,7.111029586194931
2001-03-05,-17.14197972974885,-1.9571055814437215,-12.537367992509077,6.8883912958134
2001-03-06,-16.86951264503558,-0.17916727770504925,-12.70168760730061,8.772539454037387
2001-03-07,-14.78033311010098,1.9401719997224856,-12.379144178326511,7.590185436737519
2001-03-08,-14.711730396094897,2.397386725945983,-14.195100419664588,7.573011111742738
2001-03-09,-14.501073640125087,3.679835257979393,-14.758169570902107,6.9218655522925285
2001-03-10,-16.154483419752456,3.997133984582752,-15.037996535609507,6.927758862967245
2001-03-11,-14.760395924339267,3.552255632364567,-15.746617800539862,6.159014456995413
2001-03-12,-14.430048843932521,2.021201187929043,-15.779071170014522,7.53650601370806
2001-03-13,-15.617646896736675,2.0254020611938643,-15.60669604990446,8.473933157516113
2001-03-14,-15.709200946536134,1.8218615430871377,-16.411335783192712,6.969283958953711
2001-03-15,-14.759696253031278,1.5003823564272754,-17.25088485166989,7.310024671808788
2001-03-16,-15.478376657777785,0.3463207820527925,-16.405306670387866,7.291573897708514
2001-03-17,-15.407318027589781,1.4646653668525984,-17.580338431191432,7.16334438633559
2001-03-18,-15.687657187150142,2.0185941922032162,-17.971445812926884,7.490946514617302
2001-03-19,-14.15602664274563,1.8628426838580054,-17.035459747607966,9.052055108584366
2001-03-20,-14.579338402403856,3.9393137499725115,-16.27801996084259,10.519636574504906
2001-03-21,-14.826083630334209,0.6428331310925146,-16.374719409774798,10.243755429931994
2001-03-22,-15.330398044805179,0.019906708032486398,-14.080231513655027,9.929593343870328
2001-03-23,-17.460441078236762,0.9362877617555709,-14.271362168601453,8.794303059900729
2001-03-24,-18.341901893478955,-0.08478156991171892,-13.977043750817906,8.493472387572437
2001-03-25,-17.611328595600973,-1.0500533767894684,-14.462141693008926,9.41980956127828
2001-03-26,-16.7876960656669,0.02092033868637344,-11.964409745829649,8.667873807099564
2001-03-27,-17.319033635905097,-1.3278601040076452,-12.730573072109385,8.29440471468183
2001-03-28,-17.577695715746852,-0.891706958150899,-11.66854248108209,9.76183708625135
2001-03-29,-17.119357357830776,-2.0099593389073416,-12.409145498994924,10.028962298053361
2001-03-30,-17.568951669182518,-1.9839069823960105,-13.311269300377973,10.102978151510817
2001-03-31,-17.439202064993715,-1.7977864620657007,-14.358613858670878,10.18236478753805
2001-04-01,-17.694964632465826,-1.4790205176545916,-15.11623873066674,9.843830177133094
2001-04-02,-19.14510108772672,0.6261376043320925,-15.35683093467551,9.403929531148503
2001-04-03,-18.960716795186865,-0.9728922011384742,-14.659780043721366,8.549008820186614
2001-04-04,-20.339128179496317,-3.666863598945042,-14.368291731974265,4.720229710203235
2001-04-05,-19.97275000594508,-5.718416471425359,-13.894674523629668,4.2915434221819435
2001-04-06,-20.044909779500713,-5.423934068765779,-14.968193471323437,5.300530637991301
2001-04-07,-19.820356000850502,-5.689540358847747,-14.723656787169976,4.53415714117215
2001-04-08,-19.868714703507457,-5.373631083474624,-14.407875035897487,4.4943921407099126
2001-04-09,-19.571939669267454,-6.092145392231437,-14.80544355300558,4.890701177701747
2001-04-10,-19.598317349247168,-5.572493250266628,-13.584623169740691,3.7258509119264147
2001-04-11,-20.063370962516213,-6.182676050708976,-13.1896268635852,2.184131910536513
2001-04-12,-19.42910665458932,-5.2265119612896696,-15.39678765163071,2.011330934835265
2001-04-13,-20.26701488296595,-4.056504402008252,-14.269219491921625,3.029167513470856
2001-04-14,-20.23940045261577,-4.016787660067982,-12.465150791574722,2.3153524890246566
2001-04-15,-19.870977714591277,-5.104702110393831,-12.639244317974384,2.1394914667119536
2001-04-16,-20.720240095292144,-5.269477306745329,-13.85705916560276,3.8998175102040524
2001-04-17,-21.248257719781712,-7.006764774903676,-14.017841706451032,4.015571130467804
2001-04-18,-22.49347126365788,-6.704196305863301,-12.672441470675688,5.454712290091614
2001-04-19,-22.970479059255574,-6.414236845137122,-13.03327926344817,5.395275853663088
2001-04-20,-22.991547715044444,-7.107358274942596,-13.08999130283776,5.092465947905841
2001-04-21,-23.61718734989417,-8.064331402073066,-12.10188033997638,5.694506844880149
2001-04-22,-24.110496097370323,-7.912918494726201,-12.846792852364135,5.554528489881818
2001-04-23,-24.845034731136597,-9.463597628540615,-13.757999404398253,5.3264148356021
2001-04-24,-24.262107558990625,-10.444822671433254,-13.504955055255582,4.607158392040062
2001-04-25,-23.681401507590188,-11.235645361170707,-13.104046094773354,4.601658763885652
2001-04-26,-23.397328124064764,-10.093334369569257,-14.037969864429831,4.409635713376581
2001-04-27,-22.920473884026986,-10.208231256959099,-13.776417905295547,3.610080907584668
2001-04-28,-23.490002602166573,-9.934836912502748,-15.933427821159057,1.7955867025154792
2001-04-29,-24.392021418699112,-7.395956947045162,-17.344573614046,2.1362756911174676
2001-04-30,-25.832739318066015,-5.5772327789366924,-17.830074793317134,3.2613104946890346
2001-05-01,-24.41127661664103,-4.5672775630243905,-16.82352827379024,3.6888463758080268
2001-05-02,-23.887163704077224,-4.907720651266043,-17.974632993676455,3.171474635768415
2001-05-03,-25.25165899707447,-6.052699228376147,-18.67667016969596,3.9625155319710665
2001-05-04,-27.197123848570964,-4.444398081514045,-16.989787081795818,4.951364705840461
2001-05-05,-27.94621900621939,-2.972110337149764,-17.58768810469537,4.942275897042867
2001-05-06,-25.947084098571725,-0.709422715104643,-18.99016036454736,4.712064330705346
2001-05-07,-27.177121316618603,-0.4808221360084677,-19.458778369392192,7.186648916512522
2001-05-08,-27.821773324383287,0.13203691638992598,-19.26464285776087,8.087173688990427
2001-05-09,-28.028531151792745,2.019412884339796,-18.824868165132106,7.8365372612026025
2001-05-10,-27.209258986560332,1.2357807447414406,-18.85639120470195,7.930128803623252
2001-05-11,-27.74510694102038,0.5543970578360277,-19.483341151029634,7.954755994848581
2001-05-12,-28.02925272094267,-1.4928943045776149,-19.02612364175655,9.758948354226725
2001-05-13,-25.88891554550677,-1.8410908928664527,-20.815949825967817,9.991527283610402
2001-05-14,-26.989140391498257,-0.9145739055280584,-22.445482533156742,10.489123842222284
2001-05-15,-27.355958249631346,-2.3876061335184673,-22.47553794893126,12.488820765394511
2001-05-16,-26.638616725030037,-3.645664449964427,-22.476249903554105,13.400943515469134
2001-05-17,-27.02492661082449,-3.5753699491774102,-22.940372111056053,15.141973397005563
2001-05-18,-27.53996143868584,-3.8541112614051523,-23.55644661626218,14.935866628954823
2001-05-19,-28.491537497131404,-5.925321038986668,-23.36233987767615,15.634627172556367
2001-05-20,-28.300230258337063,-5.548738151187681,-21.16137080030428,16.908209103696194
2001-05-21,-27.898683136147028,-7.347877212645081,-20.053608463622172,16.535961758029114
2001-05-22,-27.310485962126258,-7.40105579572639,-20.679984524980934,17.8127913371188
2001-05-23,-28.135473575697137,-7.2620982203852815,-20.097113666722667,17.065988894099664
2001-05-24,-29.873591076808953,-3.6392330961828816,-20.038271533783504,17.694663521855727
2001-05-25,-30.7827343903768,-3.085457687411121,-18.494453926281118,17.997014904387516
2001-05-26,-31.013895883971774,-4.410505938690124,-17.28238217111518,17.949824670179733
2001-05-27,-28.178488190065174,-4.5255666876705645,-18.107443038635118,19.331905952980897
2001-05-28,-26.409766311765537,-4.058737407090699,-18.7447491432996,18.811147200394416
2001-05-29,-25.855036278263235,-4.310556149223657,-18.326297545159445,18.926996617369902
2001-05-30,-26.485794161044215,-3.197507951585911,-18.755117690623187,20.744239283330533
2001-05-31,-25.078399163894417,-2.8855184377101835,-20.035543831462107,20.700697904080563
2001-06-01,-24.790777029377214,-2.6274415603737236,-21.709577908197083,21.886140623502733
2001-06-02,-24.678193012229173,-4.0792219329377035,-22.122579720647767,21.310924626264335
2001-06-03,-25.270661497336274,-3.6622634441877846,-22.366937730429857,21.479300041536067
2001-06-04,-25.24904053404937,-2.64738376647737,-23.005800468266703,21.236093922860988
2001-06-05,-26.415959209701576,-3.5659469756266873,-21.86412189305096,22.387302998111448
2001-06-06,-26.11313376277785,-3.1848828845818096,-21.583889274623566,20.02679436567995
2001-06-07,-26.495498959462378,-3.188021633043553,-22.374726911654612,19.931781080842303
2001-06-08,-26.020521294225098,-1.850569176677103,-23.61098955330685,20.965002265169215
2001-06-09,-26.904670019702873,-1.8434428008839654,-22.2966855564531,22.15669350858003
2001-06-10,-27.01978705215906,-2.3800183828626436,-21.526601493308654,22.602421397491767
2001-06-11,-25.664813437249904,-2.705520633315874,-21.920520826134723,22.452324459217206
2001-06-12,-26.606301664353616,-2.631591082891499,-22.103735408694885,22.996182860919316
2001-06-13,-26.52211206041034,-2.552136092210074,-21.362937651330366,21.793844828053135
2001-06-14,-27.773636709151962,-1.769097619307546,-20.573390958978038,22.443884047884325
2001-06-15,-27.525693794388754,-1.9109061074185216,-21.503569491913616,23.760575567753868
2001-06-16,-28.666194795856782,-1.6792916774986777,-22.374832370228567,22.967839415223875
2001-06-17,-29.324856432682854,-1.4973731303204254,-22.663813436083473,21.19443727037904
2001-06-18,-28.267091167458034,-0.17549091959266483,-22.25824071028411,21.049896365030587
2001-06-19,-28.51545919263679,-0.939478948458136,-21.115552355871657,22.07691523841837
2001-06-20,-28.764422432884746,-1.8854696840708618,-20.831923630492373,24.074604658336096
2001-06-21,-29.861527749526644,-3.671033968558318,-21.436977908724707,23.941095652028185
2001-06-22,-29.8171560793937,-3.1254041521771967,-21.143429019873995,23.51437199577049
2001-06-23,-29.670964901149922,-3.2202335225482948,-22.405390390345772,23.44247571765537
2001-06-24,-28.681121463808033,-2.9812045390420634,-23.723330228601263,23.257781548435414
2001-06-25,-29.691285930709313,-2.7762567684392354,-24.277681635183487,23.49789640121856
2001-06-26,-30.335237566319186,-1.1059295962181226,-24.0249901958258,23.607937321065954
2001-06-27,-30.41620167275298,-1.9396558982023968,-23.524998500437853,24.22688320435015
2001-06-28,-31.480889953970575,-2.2571235699632606,-22.234078329871593,24.82837214726994
2001-06-29,-30.762303922866074,-2.866724648662371,-22.154529987810932,26.643624771029856
2001-06-30,-29.87603055768436,-5.002490552467036,-22.230659609615756,28.07009969249584
2001-07-01,-29.39652673613362,-5.2068628763768245,-21.14481947894005,27.806382864179245
2001-07-02,-28.544245762867348,-6.300117808369696,-19.953979781036566,28.087495846541653
2001-07-03,-28.917755028169697,-7.241480884606066,-18.611581351309304,28.888376006449857
2001-07-04,-28.837010020371714,-7.769770055361748,-18.390275442247294,29.348990323180843
2001-07-05,-28.947065694548634,-7.438123955664136,-17.518033157002936,29.909743820247975
2001-07-06,-28.375397941467252,-5.873541505070084,-16.31536733430792,30.00430761172294
2001-07-07,-30.507641863569578,-5.553601586323537,-17.319077357019776,31.009245798577357
2001-07-08,-30.73608601283828,-5.882756517980861,-18.425280045405277,31.973188505648004
2001-07-09,-31.444955832846617,-5.689394447127979,-17.145617971991275,31.094054369469266
2001-07-10,-30.2908934058538,-6.996316467361252,-15.5156245088069,31.67541188424013
2001-07-11,-31.575810549690214,-7.140814177150824,-15.843301933569935,30.951710559798762
2001-07-12,-31.83148167546866,-6.578884440846314,-14.233117820872172,30.98363203265164
2001-07-13,-31.171576543699082,-7.011159334586887,-14.288433545978055,30.45044074963233
2001-07-14,-31.343930645758068,-7.147012256719534,-13.797219650975201,29.745446393726134
2001-07-15,-32.1785675144288,-5.1833616067617845,-16.203102502019263,30.559084844420205
2001-07-16,-31.78451135558918,-6.320782790136513,-16.305456161783315,29.333787124708877
2001-07-17,-30.599246309939545,-6.087349512970126,-16.878417987257386,28.722024954674627
2001-07-18,-31.960239666271036,-5.396750980561991,-16.257359456029732,28.592750009862847
2001-07-19,-30.61638619335839,-5.180031169908591,-15.950985168795205,29.93498567463829
2001-07-20,-30.525172108788666,-5.078463698992318,-16.48955712736661,29.721175684937226
2001-07-21,-31.48747386263193,-2.9330847539884553,-14.737688253294777,30.250891623219168
2001-07-22,-31.450145505145517,-3.966945031693926,-14.54960457740059,29.700518491900727
2001-07-23,-31.677467782407454,-3.6309020947994206,-16.368898248104305,29.599509628949587
2001-07-24,-31.64791990149172,-3.221791083103474,-17.962408780821168,29.43702181483976
2001-07-25,-31.649101882124214,-4.108827008291574,-17.71788126308958,29.72087573507008
2001-07-26,-33.32755046464638,-4.504933873388168,-17.365592443775242,29.736736255670575
2001-07-27,-33.90625450786042,-4.817580011283911,-17.33061127911469,27.425068703644804
2001-07-28,-34.90752210034967,-4.853503890334739,-18.37333036372669,25.680618375710054
2001-07-29,-34.79698022521566,-6.35800712496831,-19.72798777965247,25.05902276560888
2001-07-30,-34.14705556138449,-5.588782542889005,-19.0521018670765,23.52687375140456
2001-07-31,-34.02574689721353,-6.699172100845129,-17.033331879848912,21.057827950316092
2001-08-01,-36.061750746649636,-6.30926101603505,-15.068186962269209,20.224254596503275
2001-08-02,-37.32333863068542,-6.835069121968487,-15.200495548033956,21.011190332914076
2001-08-03,-37.709460069432986,-5.8015965176043744,-14.055990650659519,21.064215437621645
2001-08-04,-37.773553406040534,-5.519295879277701,-14.370705399467768,20.02140614856153
2001-08-05,-36.73578204699263,-6.226298739055715,-12.707943401911624,20.061332641300332
2001-08-06,-37.49468859512043,-3.914504297646998,-11.045117264525814,19.053195878235417
2001-08-07,-39.07711443793896,-3.6507169333123506,-10.85930374902082,19.153982814192645
2001-08-08,-38.854238193913005,-4.083493805001311,-10.559761766742728,18.596789262637152
2001-08-09,-38.550443440561374,-3.6619589306383187,-12.351913187607618,17.872288480729292
2001-08-10,-40.49463985287617,-3.6135253082046352,-14.103098305618765,18.724484821446435
2001-08-11,-40.20591061208502,-2.775956034644434,-14.911465828960182,16.955740167716808
2001-08-12,-40.22790140137649,-1.4538270293469002,-14.406663663393537,18.91814676564127
2001-08-13,-40.52023877553744,-1.6350705800623329,-13.523756403121638,18.349358894465393
2001-08-14,-41.0521558332761,-0.509188427789991,-13.55738048638052,17.01840783497272
2001-08-15,-40.56737922868146,0.5303709237233727,-14.154652371961669,16.90538865703887
2001-08-16,-40.42367063368787,0.8388545716110175,-13.022805372110232,16.121423211380158
2001-08-17,-39.94229918819157,0.08315147990693628,-12.739616564713032,16.147124635541992
2001-08-18,-41.34894854274423,0.7486360829474343,-10.901280275735859,16.811103536698646
2001-08-19,-41.598799136377544,1.0628032050323235,-11.706073467428665,16.86282431623896
2001-08-20,-41.3040138613225,1.1181702642490616,-14.244407139597849,16.166570360752946
2001-08-21,-39.91849379032444,1.4325805809873218,-14.002712624669396,16.23374189781616
2001-08-22,-38.916740565923426,0.9941377550182668,-13.726032095179441,16.40946933342782
2001-08-23,-38.904768058759764,1.2041527281046103,-14.454643944907703,16.83723286231208
2001-08-24,-38.61405974800585,1.4254065296586804,-14.359417717911262,17.554375392004857
2001-08-25,-38.13437161682707,0.9509264753303526,-16.100756810891433,18.67297273957608
2001-08-26,-36.73312645349668,1.1107363788073246,-16.40578846136478,18.51624912568768
2001-08-27,-38.399167530534285,1.3233057481487958,-16.817712569109247,19.168316382335295
2001-08-28,-38.47414246182482,3.1083403616284926,-16.985095530038514,19.42010605352683
2001-08-29,-38.601757093903345,3.3335522140095124,-19.46346286062787,21.23798511798133
2001-08-30,-37.50255580430253,3.8698337890982257,-19.958456136248326,19.812750327683105
2001-08-31,-37.634952204816905,4.938483604031153,-21.567418054802932,19.287665573620924
2001-09-01,-36.62821305875018,4.1378210442024965,-20.54674093951939,20.434643084523127
2001-09-02,-36.43397498890931,4.4248678862058135,-22.01038258230142,21.582696325498492
2001-09-03,-38.12841927772141,4.965374410661806,-19.495743614894465,22.699478009704233
2001-09-04,-39.56836188040771,4.8718694605347785,-21.246964448079407,22.060068794870656
2001-09-05,-39.00492173951754,4.499125784978103,-21.253777405105613,22.082147042276212
2001-09-06,-40.16876557661571,3.288497034365071,-22.168019697500615,22.05339778323874
2001-09-07,-41.03645662216287,4.550433506430543,-22.462412543712173,22.47019639010642
2001-09-08,-40.331142930652355,4.934525064581535,-21.5979777090793,21.097168516256463
2001-09-09,-41.78439347589498,4.526244840807287,-22.811749122054376,21.558351921176556
2001-09-10,-40.01479212455659,2.683905655087611,-23.506846147286797,20.17700805792801
2001-09-11,-40.55608255164333,3.49433889741486,-22.73597829487641,19.976120896366332
2001-09-12,-41.08272343880526,3.1736112501998326,-23.690261407549244,20.091548279144764
2001-09-13,-41.076152052064195,3.9701855090851366,-24.652760515608325,21.31381588209909
2001-09-14,-39.87459472284251,3.7737256860136776,-22.855104039054954,21.760277268806412
2001-09-15,-40.289118471867106,3.0101065413320027,-21.18974089160799,20.865452044913194
2001-09-16,-40.98556386471317,3.2084480290336623,-23.328335996298147,19.54931738444028
2001-09-17,-40.903937069708206,2.6965660302218772,-21.6655422965656,19.806309300310684
2001-09-18,-38.97987630824422,3.1591365466011734,-20.263865522951136,21.139844000132822
2001-09-19,-37.676191609830454,2.490258165117466,-19.05903431134401,20.84640339554856
2001-09-20,-38.17545786370969,1.0907959218808,-19.51400022073319,18.80277966177898
2001-09-21,-37.76678480970427,0.8208205131505398,-18.62204882036611,18.81925955009523
2001-09-22,-38.43193512550891,3.004310315930007,-18.388307359130028,18.721727593565898
2001-09-23,-37.84879176562831,2.8889005712234517,-18.388338075265736,19.810608544505886
2001-09-24,-37.01380432830795,2.6823748187636385,-18.17255383404258,20.325676936311552
2001-09-25,-36.809300191973044,3.8886586705800443,-17.634703431672012,21.359177450802484
2001-09-26,-37.77013214525318,3.957768052291486,-19.039861829664975,22.136787550268338
2001-09-27,-37.69278675730942,4.935037015783255,-19.34078780236318,22.57061669542763
2001-09-28,-37.22378348916199,4.8611579715851985,-19.21792822526415,23.14918803143091
2001-09-29,-38.74657117534876,4.887563061705114,-18.82902987463332,21.05171489525267
2001-09-30,-38.72774504033553,6.885417235045263,-21.002579221530738,19.77260262165903
2001-10-01,-38.85791870310713,5.483075749015581,-19.996801746488217,18.895283975248205
2001-10-02,-38.87239997360216,5.3509189130428485,-20.449139920120526,18.365502311932477
2001-10-03,-37.241906918226,6.919537068985806,-20.99422964778933,18.248357533248704
2001-10-04,-37.29604588048651,7.764046797422343,-21.17070982557643,19.548791268621414
2001-10-05,-37.828663221818516,7.115833156935023,-20.229945822026988,19.799988563058193
2001-10-06,-37.11932101207218,7.058870310194568,-21.79337837308056,21.6385891348042
2001-10-07,-38.7301752319176,6.819735799904626,-22.680429955519664,21.63490954980697
2001-10-08,-38.002654554313736,5.5221915373005706,-23.357051781183813,22.188585911696233
2001-10-09,-38.80213185569318,6.953661247718566,-22.564234356496694,21.43300505631961
2001-10-10,-37.242229537233165,7.744360214871424,-23.886545236867846,24.106828390719144
2001-10-11,-36.89689100882075,9.134963529556098,-23.23497838243548,24.926786061150622
2001-10-12,-38.61992535050047,8.231725490580247,-23.397585234867424,23.015158824805667
2001-10-13,-40.09907141044183,9.292794669685126,-24.140782449158554,22.79804863983282
2001-10-14,-39.071276767022916,9.613449292502752,-25.668647676163225,21.96291658474557
2001-10-15,-39.374255714292026,9.800409809557951,-24.457883126436748,20.930149805421483
2001-10-16,-39.77355849977874,8.673044457132388,-24.375420286894624,20.969688709698907
2001-10-17,-38.7199543013481,8.985969245720097,-25.01717514876682,22.138495687046362
2001-10-18,-40.04685698294107,8.697387374733601,-26.121430911753237,22.608936591305653
2001-10-19,-37.970774343182434,9.357997039751625,-26.670691275726135,24.015862038703855
2001-10-20,-38.715853114792026,8.708448396730573,-25.792821827026778,24.719149975829264
2001-10-21,-40.04113607056723,7.9033472642108995,-26.237537949256193,24.099400303013102
2001-10-22,-40.23398432942457,7.747847661487018,-26.46771146999021,24.865939447006305
2001-10-23,-40.08122405921913,7.4931746851343854,-26.585507167657894,24.54826800860923
2001-10-24,-38.813524052449935,8.406084435488356,-26.63451628111399,25.296640615493768
2001-10-25,-39.38219047986118,8.190550129760378,-25.178702483313483,24.6060996014906
2001-10-26,-39.317536502526096,9.513569859185342,-25.605584450171158,23.97084738527468
2001-10-27,-41.133355212632495,10.410912658538795,-25.91810785118406,24.053563165017216
2001-10-28,-41.49945435862253,8.800256522923242,-25.034060884477654,23.639266859633945
2001-10-29,-40.56748056342615,8.093663660899926,-24.838963964560836,23.978582062717393
2001-10-30,-42.158213112108946,7.931222406384567,-24.323539964601164,23.866934923124518
2001-10-31,-43.45025260980906,8.377509766921527,-25.136054145167908,23.730427911692022
2001-11-01,-41.999956100254366,7.101702320414297,-23.608887948929713,23.095337426178812
2001-11-02,-42.86424754602805,7.027719543228308,-23.882808503415276,24.895183778069523
2001-11-03,-41.38280688492794,5.802244382166377,-22.95441509074323,23.890338712552843
2001-11-04,-41.672250634526726,5.231586947518636,-23.035831782008326,24.099415804763407
2001-11-05,-40.01131331999668,4.737336679108734,-23.93219719906212,24.182974241094243
2001-11-06,-41.78171206794677,3.9015403214451343,-23.158742174080935,25.13062728808888
2001-11-07,-41.0435992622838,3.4838461819151374,-24.189668612404557,24.140561748235783
2001-11-08,-41.02717238848807,5.016603906663201,-25.178184584217362,24.973621257190487
2001-11-09,-40.23102150734177,5.350905874418848,-25.776297020179804,25.309545011616297
2001-11-10,-39.722676667231354,5.770110404777933,-24.956270340380303,27.199134662374554
2001-11-11,-40.4020737067107,6.021848521540279,-25.369018629903554,27.88429336237076
2001-11-12,-39.61275110008784,5.040377311382791,-27.197949130176504,26.544158007855625
2001-11-13,-38.99574011496592,5.964101402832997,-28.552596280792276,25.101746765013605
2001-11-14,-39.37355116160331,7.078005287415987,-28.449491883357457,25.28488842709942
2001-11-15,-38.6830882437505,6.945901906168452,-29.316895150284253,25.103168333669736
2001-11-16,-39.75693501659757,7.868314115689706,-29.329484280230297,25.804458663899023
2001-11-17,-39.573703802078875,8.077743998713377,-29.930515290499816,26.961077733541984
2001-11-18,-37.46431270639276,7.616914652551483,-29.382595006637878,27.88603411531875
2001-11-19,-36.84659781587609,8.145058203988496,-30.77996679370117,28.506817246802925
2001-11-20,-36.089876462714884,8.346978956775368,-30.807774125994385,29.577325994528938
2001-11-21,-36.47437504777803,9.26668027769818,-31.042537850369985,29.398123720854535
2001-11-22,-36.423326870154746,9.518891368988095,-32.28780021269225,29.807603400156818
2001-11-23,-36.482283453531934,9.856087192087289,-33.51524122740568,31.252321799019725
2001-11-24,-35.733692971280774,10.009611346512559,-34.46567555495928,29.28458116825333
2001-11-25,-35.90594653165342,9.105160546034307,-34.15521664073297,30.344687667787536
2001-11-26,-37.02474941279644,9.499146883596255,-34.475226290820174,29.4467024532438
2001-11-27,-38.6939825396712,8.277693521908644,-35.94731055110824,29.141421439600443
2001-11-28,-39.24023717379523,9.389358797928539,-36.99220304301302,29.726936237808573
2001-11-29,-39.31406417106031,10.035758835217802,-39.207990595091076,27.82543003706715
2001-11-30,-37.6286545525427,9.708256455840532,-38.64402068008694,26.81313552032924
2001-12-01,-36.8507916644781,10.183483178370425,-38.75397025652071,25.995961616679338
2001-12-02,-38.27833557878334,9.48600592254717,-39.553892073231474,25.237703453741307
2001-12-03,-37.65846309366383,10.48361182321066,-40.02610354987731,25.660340375558242
2001-12-04,-37.664727488535675,10.278458135398933,-39.6133270745616,26.033098662641454
2001-12-05,-37.957220283794435,11.289837475420494,-41.37712681426827,28.569113362414065
2001-12-06,-37.34379450508793,11.796874306901064,-41.8824349185404,30.3859171346378
2001-12-07,-39.25662681890724,11.442627627029573,-41.85500801343455,30.244152471938207
2001-12-08,-39.398867483566605,11.457965898709551,-41.13753708238928,30.117011309479608
2001-12-09,-39.438926105578105,10.684848096602208,-41.305177084968676,30.69987123952886
2001-12-10,-38.789585327036505,10.388795885024775,-42.45831161387392,31.833073532191303
2001-12-11,-39.36764056680343,10.702131311890923,-40.58430239568392,33.594235735532614
2001-12-12,-39.5086009150777,11.302269856078631,-39.75444424104798,33.26937468158335
2001-12-13,-40.447613699006396,12.823018803391781,-39.09531361655434,33.18745271326559
2001-12-14,-41.16002084281816,13.933946578573835,-39.65969473102418,34.61164900670272
2001-12-15,-40.14313788283294,15.144306671048733,-39.763016684509196,35.27837127019941
2001-12-16,-40.95947690250715,15.227844888784745,-39.45230004469545,36.65746236295418
2001-12-17,-40.67993187890122,14.628703971972016,-38.32142598334815,36.573791907247674
2001-12-18,-40.44021132713966,15.62721004666953,-37.034847747027726,36.213211126517834
2001-12-19,-41.11016057326102,14.469854324481902,-36.79633968416046,34.294288106187885
2001-12-20,-41.01074869745131,14.352019061558396,-37.64529708123982,35.57144939436544
2001-12-21,-39.66796527753851,13.056593754406242,-36.745216908245986,36.14222641191706
2001-12-22,-40.72486411611086,13.1200989235492,-37.08573627005208,35.923137211308934
2001-12-23,-40.15280557911158,12.93392915701023,-39.164684585038515,36.96257772013231
2001-12-24,-41.96545763120234,12.05438865056467,-38.6247513617982,36.25529986132695
2001-12-25,-42.42454906185399,13.311085105128967,-39.66417369157167,34.38269290408375
2001-12-26,-41.028793381043826,12.851618088836599,-39.92670480472578,32.70097239106066
2001-12-27,-40.837032048491594,12.268934391740139,-40.69380490687769,32.52374214540154
2001-12-28,-39.676720029465585,12.39098614612288,-42.872386242072004,32.431731192383566
2001-12-29,-41.3961520819811,12.431818195534648,-41.766415019455316,31.971558149154855
2001-12-30,-42.87876637924437,11.21613777427567,-41.88760438164622,30.025416208014253
2001-12-31,-42.31717553383595,12.154052335500944,-41.67767472556792,29.859050495519156
2002-01-01,-42.698771740390264,11.24519204276904,-42.08930451725067,31.708216373483292
2002-01-02,-42.07993208704875,12.353660794435791,-41.40884277421168,30.590198075148336
2002-01-03,-42.942884875221374,12.630849210997754,-40.614335009940206,31.317995830419665
2002-01-04,-43.6918730672473,14.377888454036928,-42.60274667347689,31.31206193413974
2002-01-05,-45.61763605339678,12.772949320830287,-43.862305600649805,30.46346838781917
2002-01-06,-44.12036962650074,13.225674074394055,-43.77286326977981,30.24524548574064
2002-01-07,-42.89672234013986,13.460693489717075,-44.22294976810013,31.809201515569452
2002-01-08,-43.416612913283444,14.296271753390815,-42.43757255389825,32.720704907352044
2002-01-09,-43.00967697783966,14.798865194731038,-40.592216564426856,31.468665368740307
2002-01-10,-44.28124456109989,17.662711831160216,-40.564575316038,31.607266368558143
2002-01-11,-43.839954110743186,16.955616544636207,-38.921001871223616,30.691801194902446
2002-01-12,-43.03409671794659,16.987880048370275,-38.14307409404622,30.43893933408805
2002-01-13,-43.549990807296744,17.481219980977837,-36.95679821808396,32.17436531876311
2002-01-14,-43.0494316852337,17.09521807556089,-35.60976027595921,33.925400871656436
2002-01-15,-42.690181286239344,16.08065011474072,-37.747369700575305,36.256193953323184
2002-01-16,-42.3159985002797,15.010413872320552,-37.50651323637686,37.41291864554045
2002-01-17,-41.54411559983758,15.993683345895565,-37.620245576171165,36.07095831130749
2002-01-18,-40.98355037221476,15.99016456030779,-37.395645671804026,36.11131537982069
2002-01-19,-40.469505352858526,16.621871879843802,-38.56441499771588,35.948001156749214
2002-01-20,-40.970181571283085,16.048839282444284,-38.34278075334764,37.1393938768891
2002-01-21,-41.92781613423424,16.26377640825696,-36.89274938660773,37.48899038357679
2002-01-22,-43.48111862021333,16.509644935163152,-38.612744455589215,38.52106750943022
2002-01-23,-43.30397122227245,17.333383034676224,-39.94010196191545,38.57477873643869
2002-01-24,-44.594447907732274,18.878371674538556,-37.744112787860594,39.32108690613219
2002-01-25,-45.218681455665845,18.59594059480476,-38.8397050485859,39.74977391599672
2002-01-26,-44.9462339156266,18.827436965223463,-38.46098534634835,40.3173903951263
2002-01-27,-45.90129414721518,19.506934965521317,-38.8451367367802,40.04942371856401
2002-01-28,-48.10545151743574,18.10661132854057,-39.74904792616956,41.28605500140315
2002-01-29,-47.84061133078902,17.57062732500886,-41.59450489323983,41.01032624844031
2002-01-30,-47.7320839568375,18.044244530764562,-40.924548420781655,39.92689866183207
2002-01-31,-46.322285537483346,16.996101343587735,-42.11308711974814,38.96635038945005
2002-02-01,-47.07805924802958,17.215839524411248,-41.92687332700249,40.6360660206759
2002-02-02,-47.329737577904076,17.450861552706282,-41.95698008579007,41.30731926883517
2002-02-03,-47.39102111796835,17.87666395726681,-41.74910777903594,41.357435229753904
2002-02-04,-46.02957331620937,18.565226161322087,-42.816636760246745,40.79081118586847
2002-02-05,-46.87413532851546,21.19789098359541,-43.27489358203018,40.70944375801696
2002-02-06,-46.403136740491156,22.14634821890542,-43.14841801230348,40.01905894930216
2002-02-07,-46.62768222645504,24.972442881265813,-44.05541133871277,38.8096687347306
2002-02-08,-46.220910250843566,23.6573702934455,-42.208884459247045,38.51904142832398
2002-02-09,-47.40986457619176,23.601958667329622,-42.11764785020858,39.06387593283417
2002-02-10,-46.85332202447993,23.34436012285537,-43.02208144129148,38.69001973725306
2002-02-11,-46.50554658915642,24.514393282280658,-44.534252207901254,39.86270907969936
2002-02-12,-45.34588355944455,24.802647043928378,-44.39533753040146,38.923887176742355
2002-02-13,-44.68989062382276,23.704250280413817,-46.18238913780568,38.70461129024532
2002-02-14,-44.574484664210445,23.07770799546066,-45.77948997881568,37.640483493036214
2002-02-15,-42.89506057501756,21.398488961395604,-46.24033700102524,37.25281088937423
2002-02-16,-42.41095418050819,21.68092192065919,-46.05061058467765,36.43164986664071
2002-02-17,-41.56136472013211,20.888102586734433,-45.74955480341979,34.14824198245517
2002-02-18,-43.12347077508115,21.211953053112584,-45.3099198245999,34.750784790944344
2002-02-19,-43.14059519730306,20.342489388200153,-46.86418331566242,33.09121896514753
2002-02-20,-43.53382152683543,19.773861871008435,-47.33963749598582,32.32724673915934
2002-02-21,-43.53798935261239,19.721975467966885,-46.74332602357166,33.33300316974177
2002-02-22,-43.386374707341325,21.706984368607596,-46.163172584091846,33.04796873163228
2002-02-23,-42.99094114798119,21.59803003210316,-45.78259759148518,34.240676697964304
2002-02-24,-43.77203475402699,22.80820499918127,-45.12353331170929,35.681626347431724
2002-02-25,-42.35414357975585,23.25017811527589,-43.59383297054588,36.02117462985739
2002-02-26,-41.59609937364589,24.053149728443117,-43.0849363036867,35.13643204209711
2002-02-27,-42.677928908323985,24.2643993098388,-43.041460661827266,34.940735951150764
2002-02-28,-43.765287347584874,22.052074400853744,-43.90946890662264,34.689626574819066
2002-03-01,-44.027815971995786,22.38136377055004,-42.01806423697543,33.76307327492067
2002-03-02,-44.89903017435098,22.087946630174482,-41.66460907966167,34.19192462019573
2002-03-03,-43.182293880822186,21.4948626708643,-41.536991290706084,33.49068568092107
2002-03-04,-41.52869228688661,21.59061042444378,-41.18174220811935,34.129291784897326
2002-03-05,-42.56026142207829,21.974287124806377,-42.686349572988846,33.562023387556884
2002-03-06,-42.930038131671324,22.28583668195174,-42.77922395756377,32.31392291736426
2002-03-07,-43.29153379747394,21.904957697476704,-42.33208743769517,33.7195408070742
2002-03-08,-43.9882612494001,20.291325762072187,-43.14956315762321,33.53887851660312
2002-03-09,-43.1332685801284,20.279943093459284,-43.38019314606489,35.43698225258312
2002-03-10,-42.53981281879615,20.200833232713006,-42.16857819928414,35.34276245714296
2002-03-11,-41.30944207640617,20.72310424920296,-42.68045651136205,34.940998952198086
2002-03-12,-39.964395071946015,19.499981547516818,-41.86273072963257,36.15302829290439
2002-03-13,-40.71081367573105,19.00532777989199,-43.59493350740724,34.45886471112158
2002-03-14,-40.46764975058143,17.0727531509057,-44.641129064280136,33.492816002465666
2002-03-15,-40.135419551853694,15.841650189184978,-45.15455645907008,33.59279507768989
2002-03-16,-40.8542254799955,14.391634005161531,-45.31385755489056,32.23025044246425
2002-03-17,-41.17359326116416,14.415963083218845,-44.51143117412692,30.85507767376334
2002-03-18,-41.398000445238665,16.7364802161759,-45.31804180164371,31.88697647230003
2002-03-19,-41.93537644739155,16.802871305353086,-44.249604420788614,31.57656750152229
2002-03-20,-40.063747217728775,15.853623527660545,-44.57888656274669,34.07077237084865
2002-03-21,-41.25886009573463,14.450883584563522,-44.57382488096651,33.35332933590956
2002-03-22,-42.56373522446846,13.721362501504032,-44.09907068593391,33.37611551812683
2002-03-23,-41.93760960225549,13.78540229084831,-44.9313845377322,34.18060944676877
2002-03-24,-41.087221839037674,12.768930460990001,-44.65237381152683,33.281803117002774
2002-03-25,-40.97182828854684,13.049354626649091,-44.09466782986017,34.28396637533473
2002-03-26,-41.4903242714109,13.42151501298454,-44.573668488800436,34.2761062170888
2002-03-27,-40.99819920271446,14.792791107327101,-45.63533902281211,32.654260854085756
2002-03-28,-39.67259566747125,14.867265179223324,-44.63470248352806,32.495500890231995
2002-03-29,-40.9848310364579,15.891996087712847,-45.59564277020175,30.492398597270732
2002-03-30,-40.996177727595615,15.2637253715939,-44.920097461230306,29.521799750671008
2002-03-31,-40.98692402288599,15.335587695971421,-45.10375098538164,28.336814496370625
2002-04-01,-40.689676479515406,13.74679117096652,-44.16477725284025,28.72136457571143
2002-04-02,-40.54771350569732,13.880272708669912,-43.6564485485082,28.57844595390233
2002-04-03,-39.15378521174926,13.524751119388352,-43.942439835423556,29.892243140088688
2002-04-04,-39.183510204464554,13.810416697164495,-42.88593456224308,30.142208637341177
2002-04-05,-39.87345685687189,14.80075726226076,-42.549727331050384,30.599087483548306
2002-04-06,-40.84316463224068,13.17843905321685,-43.115689505163736,30.364055412605072
2002-04-07,-41.335295881277666,12.36305330030526,-43.7619415932352,29.631977641793117
2002-04-08,-41.106616955173976,12.539639225807225,-45.75656978924457,28.928835592222775
2002-04-09,-41.83957721663985,10.931509511510981,-43.46288866745114,27.93355368474311
2002-04-10,-42.23106616729034,9.844092023071571,-42.252226051568385,27.87886803338032
2002-04-11,-43.019395584941414,9.226612833404124,-42.713294075840956,25.88355952653561
2002-04-12,-44.71342172700705,10.743708381281115,-43.43280264553663,26.561742557599903
2002-04-13,-45.087780902232225,9.199861169554728,-44.25852034851928,25.779945562831756
2002-04-14,-44.97694141375803,7.138256826160793,-45.12588241763947,25.847910247206027
2002-04-15,-45.26167717715625,7.801967323692587,-46.45664115714781,24.887246980793066
2002-04-16,-47.12722429672,7.568317994104902,-48.48489075818694,24.74343520167576
2002-04-17,-46.59630934724015,8.68543299069034,-49.48910202350848,24.821115229380855
2002-04-18,-48.23909620764003,9.376258522325807,-50.95743985405012,23.859723911677982
2002-04-19,-47.52706777105968,7.988271178127569,-52.55861211739658,24.327378737786667
2002-04-20,-47.320082734200206,8.126755340107312,-51.01488897657294,25.197725297186178
2002-04-21,-47.343101419413095,8.258673115706182,-51.91673654456626,27.176019018826224
2002-04-22,-47.43337124780799,9.342327473631922,-51.623898462025736,26.48425054094282
2002-04-23,-47.45025579916145,9.391623267777932,-51.8759493001165,25.01718810634575
2002-04-24,-46.71311877815466,10.261208317589794,-51.04269750716031,25.68708023462673
2002-04-25,-47.09222220430725,11.44443187352144,-52.7369290740136,26.89788349963276
2002-04-26,-47.04646241935871,14.03379831744036,-54.0628412637991,29.844285727957235
2002-04-27,-46.016727856731265,14.428646982690326,-53.370081952872546,28.569467749040225
2002-04-28,-46.11857744579062,14.84866399771147,-52.633984985938824,26.819024433824882
2002-04-29,-45.855207597846274,14.509522827554848,-52.16836872953308,28.05283157850471
2002-04-30,-47.103633740406366,15.056167756175144,-50.72452533284639,28.28818986611361
2002-05-01,-47.2431346092293,14.26737552109412,-50.2835829889382,28.750142381140424
2002-05-02,-47.331104776605166,15.431479543679636,-50.199060241413235,29.710265703715006
2002-05-03,-46.557703048257004,15.619386312253042,-50.62532828065079,29.5998460166204
2002-05-04,-45.02445739960867,15.942507763879577,-51.55888826593316,31.323901575830362
2002-05-05,-41.850687691236416,17.023310748430543,-52.04797077528205,30.582683094155094
2002-05-06,-40.85016282383758,17.341797883678748,-52.76973453334487,29.968477112227163
2002-05-07,-40.63033374392727,18.390666616497555,-51.96589261795132,31.55382057577688
2002-05-08,-40.245233792178766,17.822126104754894,-52.00106781990145,31.78341439247399
2002-05-09,-40.352465543595734,16.511560450177615,-51.54601978577253,32.26053040712727
2002-05-10,-39.098053938407446,17.693634896919843,-51.28989690978709,33.39501444396564
2002-05-11,-38.28527708873649,16.630901554165437,-50.262702461416964,32.62115919951732
2002-05-12,-37.716266647613196,17.771558521051638,-50.21780720279606,32.54006377018839
2002-05-13,-36.37826238109313,17.73591008928423,-51.54801308030858,33.703590720376546
2002-05-14,-37.77327889222814,17.52241235607646,-51.38871879079506,35.9845147376108
2002-05-15,-38.31973095612817,18.187360947393707,-51.25707901315053,37.07663491261744
2002-05-16,-37.1736479597952,19.41352646212228,-52.441217157451646,35.1812510593967
2002-05-17,-35.91729789384589,19.469069035586948,-52.25024897106877,34.826759357756686
2002-05-18,-35.801532270947156,20.49226227691678,-52.4972843749203,35.541590197208166
2002-05-19,-35.31339923047885,21.41459609425903,-52.50362566225031,36.854245768863585
2002-05-20,-34.983876212569605,22.165916092168402,-50.30670348501628,36.3671351069718
2002-05-21,-34.24362745833764,22.451689446749004,-49.680310345366244,36.52378184246703
2002-05-22,-33.56325588600755,21.8258213012656,-50.08348424617332,36.32588972536596
2002-05-23,-34.008099952751145,22.489483704201966,-49.24330182634684,35.12401322478024
2002-05-24,-33.13516694662582,21.872190506112936,-46.39936174224056,36.11455417660096
2002-05-25,-34.85900724760894,21.189625430586712,-46.44394916115155,35.81470941527741
2002-05-26,-32.89814528665892,21.947243198883864,-44.654991654554095,35.96154781829213
2002-05-27,-31.654640013813392,23.723010062125553,-43.97221951372732,36.22880409361129
2002-05-28,-32.03769637199274,24.785967293589852,-45.076069739306035,33.660081194795346
2002-05-29,-32.334516919658085,26.31604129118315,-45.08737504159648,34.50790778596336
2002-05-30,-33.121805045398666,25.09213191422857,-46.064065700159894,34.50802662464286
2002-05-31,-32.32434976960734,24.49878227069872,-45.020475093466004,35.90190904507154
2002-06-01,-31.855865038381275,24.661534595931755,-46.92056736258589,37.79430349358174
2002-06-02,-33.83141964611668,25.556703923364825,-47.82752766624549,39.896296101242356
2002-06-03,-34.78023050498977,25.592444454315388,-47.788012636066675,40.251133069031646
2002-06-04,-34.82978221480604,25.719420342894878,-43.707943772948674,38.800535981177504
2002-06-05,-35.56472225410467,26.463737105593555,-43.668684937478865,37.96639509789052
2002-06-06,-36.8473204426994,29.051471488803752,-43.93062602914384,38.77097845575989
2002-06-07,-37.10049326337397,29.89557918256353,-44.31123090952487,39.21796012089182
2002-06-08,-35.3316350307097,28.01068222227695,-43.59443521137206,38.301363775668264
2002-06-09,-35.55685435721335,29.836333421682603,-45.572592637857326,38.274914713346305
2002-06-10,-34.17705745616085,29.59643305638742,-46.93902192650245,36.47811277383223
2002-06-11,-32.25581849109276,29.761100745488807,-46.11177264777886,36.812131298348206
2002-06-12,-31.03494613937758,30.66219392121249,-45.473717056415545,37.48970370544449
2002-06-13,-31.677087058518858,30.726307761823573,-45.99376035105889,38.728485068298255
2002-06-14,-31.803673366780487,31.32523870581641,-46.95474694994024,38.76116017728253
2002-06-15,-31.511962844075303,29.031088277145066,-47.36415228303565,39.0851144403163
2002-06-16,-31.264627564782042,29.49388855898849,-48.01546249325899,40.80351229169743
2002-06-17,-29.02677303768124,29.5423817391463,-46.624873721170545,40.41548977414325
2002-06-18,-28.70042896271865,28.172408465396444,-46.29383024702061,39.657195037445916
2002-06-19,-30.32928029895523,28.837128506722685,-46.971599509896656,37.38609536939548
2002-06-20,-29.405071051987548,29.626063206569246,-47.99864085583097,36.71804150075607
2002-06-21,-29.418139689626518,27.037399393356864,-48.40967707254077,37.15554850601687
2002-06-22,-29.67581639589845,27.241073635949455,-47.9030348340693,40.14360281398803
2002-06-23,-29.6406387649778,26.589742842812225,-49.456205763368054,37.89904402251288
2002-06-24,-29.602838701091425,28.00604195781889,-48.4130265101676,37.45994034141652
2002-06-25,-31.22365615733133,27.863792159557843,-48.28694730970545,36.94848438584494
2002-06-26,-31.2606641316095,27.455810684373798,-47.17049038866891,37.7927597602153
2002-06-27,-31.3397101122206,25.429855262429484,-46.850927472408976,37.91261476541724
2002-06-28,-31.10448816707368,23.731836231922557,-49.507328591977156,39.08103486999708
2002-06-29,-31.661152847423892,23.91633624046401,-50.25947386820513,39.51062153475804
2002-06-30,-30.876210899260183,23.615042941532923,-49.90732323270203,40.060361272194505
2002-07-01,-31.249437551557765,24.110860008285506,-48.73122716683477,39.788748878262716
2002-07-02,-31.675781984701487,25.235666437679573,-49.776137705505654,37.76324213585364
2002-07-03,-31.878773323234565,24.099127962218443,-51.777749842149674,38.091585746687656
2002-07-04,-33.46465532680131,23.91637890065256,-50.35773117023687,36.456888661917
2002-07-05,-33.85860585035382,23.157777811092966,-50.933635606127055,35.622099632384206
2002-07-06,-33.12032020318664,22.376520135088747,-50.53369077939268,35.2999452080623
2002-07-07,-32.86792470292729,21.964069052838994,-51.75990000301177,35.9470417565474
2002-07-08,-31.506453789909052,22.995591203499533,-50.521052820032914,35.61115398407141
2002-07-09,-31.92420959521093,21.597197991527047,-50.118864290171075,33.8436779205066
2002-07-10,-32.43171844068407,21.278282273411516,-49.0584808989507,35.23161140968956
2002-07-11,-31.669957084213245,22.165049071353184,-50.077296593969976,33.811848823447995
2002-07-12,-29.835096399544764,20.597211319843503,-51.278262039010464,33.15445372736122
2002-07-13,-30.061370387330378,20.73450529115029,-51.0635903626705,32.36795837845237
2002-07-14,-28.1833872628022,21.564603270968732,-49.06325917285921,32.819334515988196
2002-07-15,-29.870016445959383,22.270916586083253,-49.12418766297733,33.40221160912956
2002-07-16,-29.67604829855492,22.400592720241274,-49.39208142240851,35.68066137187681
2002-07-17,-30.02642538740707,22.79861492153761,-49.002150404842475,34.809840698414206
2002-07-18,-29.509653524986945,22.285961755716052,-48.92948751497717,33.105184834180136
2002-07-19,-30.564111147241434,22.879556766823768,-48.588752556793885,33.11407615164919
2002-07-20,-30.084732310805084,23.101389875621518,-48.60883928912591,32.759185651827885
2002-07-21,-30.19054584591829,22.128111772433627,-46.999601026896265,31.951723015167694
2002-07-22,-29.683799755571652,21.323611414810497,-48.092213825029674,31.752183946546943
2002-07-23,-30.14337599116207,19.574146494133487,-46.66327638460189,29.846100888552826
2002-07-24,-30.532058757631575,18.683367281355963,-47.04598345225844,30.012972781882294
2002-07-25,-30.69538514194271,19.644590340398548,-48.90477910348783,30.994410436437644
2002-07-26,-31.088788729604403,19.705009965776075,-50.65807313008319,31.320998198012536
2002-07-27,-30.565051794817258,20.035461244057114,-50.63080177286703,31.20211759606046
2002-07-28,-31.61323777918594,19.57042655088585,-49.48360332036097,30.672419827725097
2002-07-29,-31.694366967866777,20.311106031569967,-50.69107736172629,29.586411558718368
2002-07-30,-31.51719234147648,19.955343638063386,-50.84370501819426,29.27910514069237
2002-07-31,-31.83205643039513,18.843909858328917,-51.37740812519906,29.057238525406824
2002-08-01,-31.714003323181174,17.904428716924567,-51.433643410473834,30.069343283695325
2002-08-02,-32.87959025748206,18.70262763810859,-50.90757005519464,30.136748223366087
2002-08-03,-31.922140745447372,18.789807525735593,-51.09730149195545,29.20224184859099
2002-08-04,-33.384219430801004,19.06070119436403,-50.120366463652566,26.52144003795175
2002-08-05,-34.200718558792886,18.125721548196772,-49.03641350519597,25.604405520641546
2002-08-06,-34.90044464957757,19.71973804987203,-47.924977845293874,23.473580480632837
2002-08-07,-33.67217835130278,18.34131396774971,-48.31513555149751,24.121908331655003
2002-08-08,-33.432907076968455,17.224632122710737,-48.992556901054336,24.34794172736812
2002-08-09,-34.79888986170548,16.536717526345065,-49.101325742304766,25.0386126821434
2002-08-10,-35.85295499014569,15.767151328192408,-48.13697364861766,25.78824836949136
2002-08-11,-37.95729316302133,15.544421694478135,-47.02618557881174,26.533519710319865
2002-08-12,-37.64122393374465,14.279422878406653,-46.89433606228301,29.04907321754437
2002-08-13,-38.56993017030249,16.297084765149453,-47.269331244747804,29.59430739289186
2002-08-14,-38.514388971931176,17.45363238638916,-47.576581952807445,29.163978639018968
2002-08-15,-36.88152085476468,17.19448959095113,-47.44655800394082,27.423786314292464
2002-08-16,-36.42969815957241,19.178758154604964,-47.39271456646477,28.212081466409636
2002-08-17,-36.64276072579361,20.459412332264613,-47.98988668052199,29.060644055558708
2002-08-18,-36.20305886935767,19.27439810586698,-49.201874875515315,28.69047848208736
2002-08-19,-35.5241768843546,19.29285965787756,-49.611062946763504,28.65423789354645
2002-08-20,-35.845726296432744,20.33692089620927,-51.09306227455057,27.832565780099674
2002-08-21,-36.787361630860325,20.61537662477182,-50.32138905727914,26.90137687918553
2002-08-22,-37.75784322561764,20.165194116644187,-52.05788119069448,26.212130305491012
2002-08-23,-39.375486497203646,20.65109944394152,-52.95459915349445,25.778306956726578
2002-08-24,-40.79706178786853,20.732603038664674,-52.0964705144653,25.417640199934933
2002-08-25,-39.47582624121281,19.50420318568394,-52.207612438298845,25.495517228489568
2002-08-26,-38.64607836871548,19.532089183070685,-50.416937611295886,26.86862430645523
2002-08-27,-39.35338446619713,17.886475252198746,-50.084295826627674,27.129208301769193
2002-08-28,-39.38664300179326,17.08961480812991,-50.902500031705344,27.576078861889634
2002-08-29,-38.42525257541255,15.977181217919503,-50.750122971494946,28.962155985172036
2002-08-30,-39.478252001919394,16.33948140359527,-51.2996746991992,29.139642078940696
2002-08-31,-40.263066131914506,15.731914866875453,-50.13927396423911,28.054443511084127
2002-09-01,-40.49376627060292,15.920960369078944,-48.8261536359643,28.48171031697205
2002-09-02,-40.99340089994274,16.299740040265377,-50.344418222836936,27.420004481473555
2002-09-03,-41.04257337161502,17.07259862292621,-49.539537823243506,26.46709044272476
2002-09-04,-41.91243562190832,17.50027253948821,-49.32983443766407,27.100112909611656
2002-09-05,-43.2499396403504,16.559680863085795,-49.77864526574338,27.069907353635813
2002-09-06,-44.66791957728866,16.373273614436393,-48.943351010540184,25.70625828245701
2002-09-07,-45.18220995859474,16.74579209145848,-49.55352019724954,27.02455456502985
2002-09-08,-45.494870300548186,16.551323933293457,-50.21166483794368,26.880329132027956
2002-09-09,-46.38191132912963,17.18792208764195,-49.05151283606618,27.00839372797578
2002-09-10,-47.92393875055143,18.512385932331572,-48.04068276144711,27.938981484792905
2002-09-11,-48.618513485512814,20.15042794148198,-46.88130126970901,27.555182064334602
2002-09-12,-47.88310684618182,21.069110668105257,-45.0867171022674,28.023429965632705
2002-09-13,-48.491190708859506,20.58078352366641,-44.698810994108484,28.50187702364394
2002-09-14,-47.3017651709399,22.057162459876903,-42.084714231743796,28.44857953901073
2002-09-15,-47.8986842460784,21.5225397150648,-42.338192628886596,28.177886816934127
2002-09-16,-48.571254102909066,20.38149178568367,-43.04763064856417,26.598992500153937
2002-09-17,-47.98599227061344,19.307771274542414,-43.735785610905246,26.901302535472094
2002-09-18,-48.4074152106212,17.788086255675566,-42.125233428175434,27.373629049963675
2002-09-19,-50.36226818332141,19.129096542452494,-42.524756306411355,26.62469785109423
2002-09-20,-49.02742904860736,17.225713795085344,-41.79482801523881,27.179910412614795
2002-09-21,-49.84150294638416,15.062904558084918,-42.92465633417038,27.2204531919298
2002-09-22,-50.52217358253486,14.617238553445507,-43.95865930181885,28.046617289582745
2002-09-23,-50.97699310970666,15.8492336544012,-42.9873514326499,27.068527049091212
2002-09-24,-51.04759939684233,14.457135994330933,-41.71574929325204,25.619245576103438
2002-09-25,-49.582091305295364,15.052608998997561,-40.077717017940905,25.655112664059146
2002-09-26,-50.63902368106373,16.38313932498998,-38.7316585930232,25.707345951244534
